address,amenities,lat,link,lon,name,price,prize_range,size,tenure
"Jalan Cheras Intan Utama, 43200, Kuala Lumpur","3 Bedroom(s),2 Bathroom(s),1 Parking Bay(s)",3.072998,https://www.iproperty.com.my/property/cheras-intan-cheras-5546729,101.774192,"Cheras Intan, Cheras","RM 265,000",Low,750 sq. ft.,Freehold
"Jalan 6/95B, Taman Cheras, Cheras, 56100, Kuala Lumpur","3 Bedroom(s),2 Bathroom(s),1 Parking Bay(s)",3.10169,https://www.iproperty.com.my/property/ketumbar-heights-cheras-5516569,101.75051,"Ketumbar Heights, Cheras","RM 295,000",Low,755 sq. ft.,Freehold
"Mont Kiara, KL, Kuala Lumpur","4+1 Bedroom(s),5 Bathroom(s),3 Parking Bay(s)",0,https://www.iproperty.com.my/property/10-mont-kiara-%40-mk10-mont-kiara-5571812,0,"10 Mont Kiara @ Mk10, Mont Kiara","RM 10,000",Low,"3,668 sq. ft.",Freehold
"Jalan Langkawi, Setapak, 53300, Kuala Lumpur","3 Bedroom(s),2 Bathroom(s),1 Parking Bay(s)",3.200666,https://www.iproperty.com.my/property/teratai-mewah-apartment-block-4--6-setapak-5424785,101.708336,"Teratai Mewah Apartment Block 4 & 6, Setapak","RM 215,000",Low,653 sq. ft.,Freehold
"Persiaran Meranti, PJU 9, 52200, Selangor","3 Bedroom(s),2 Bathroom(s),1 Parking Bay(s)",3.181858,https://www.iproperty.com.my/property/sd-apartments-petaling-jaya-5574965,101.611623,"Sd Apartments, Bandar Sri Damansara, Petaling..","RM 280,000",Low,811 sq. ft.,Freehold
"Jalan Gombak, Taman Ibukota,, 53100, Kuala Lumpur","3 Bedroom(s),2 Bathroom(s),1 Parking Bay(s)",3.212203,https://www.iproperty.com.my/property/idaman-sutera-setapak-5200416,101.70795,"Idaman Sutera, Setapak","RM 280,000",Low,845 sq. ft.,Freehold
"Jalan Gombak, Taman Ibukota,, 53100, Kuala Lumpur","3 Bedroom(s),2 Bathroom(s),1 Parking Bay(s)",3.235076,https://www.iproperty.com.my/property/idaman-sutera-setapak-5497770,101.714503,"Idaman Sutera, Setapak","RM 270,000",Low,845 sq. ft.,Freehold
"Jalan 9, Off Taman Len Seng, Cheras, 43200, Kuala Lumpur","2 Bedroom(s),2 Bathroom(s),1 Parking Bay(s)",3.076087,https://www.iproperty.com.my/property/maxim-residences-cheras-5555886,101.742372,"Maxim Residences, Cheras","RM 298,000",Low,620 sq. ft.,Freehold
"Jalan Aman, Desa Aman Puri, 52100, Kuala Lumpur","3 Bedroom(s),2 Bathroom(s),1 Parking Bay(s)",3.211559,https://www.iproperty.com.my/property/aman-puri-apartment-kepong-5496612,101.612592,"Aman Puri Apartment, Desa Aman Puri, Kepong","RM 299,000",Low,850 sq. ft.,Freehold
"Persiaran Meranti, PJU 9, 52200, Selangor","3 Bedroom(s),2 Bathroom(s),1 Parking Bay(s)",3.188376,https://www.iproperty.com.my/property/sd-apartments-petaling-jaya-5441186,101.604308,"Sd Apartments, Bandar Sri Damansara, Petaling..","RM 280,000",Low,811 sq. ft.,Freehold
"41050, Selangor","3 Bedroom(s),2 Bathroom(s),1 Parking Bay(s)",3.147481,https://www.iproperty.com.my/property/townhouse-klang-5317015,101.440815,"Meru Klang Townhouse Tingkat Atas, Klang","RM 239,000",Low,850 sq. ft.,Freehold
"9, Jalan Kuang Bertam Off Jalan Kuang Gunung, 52100, Kuala L...","3 Bedroom(s),2 Bathroom(s)",3.206116,https://www.iproperty.com.my/property/laman-damai-kepong-5435554,101.638792,"Laman Damai, Taman Kepong, Kepong","RM 210,000",Low,650 sq. ft.,Freehold
"Jalan Semenyih Sentral 1, 43500, Selangor","3 Bedroom(s),2 Bathroom(s)",2.945455,https://www.iproperty.com.my/property/tiara-east-semenyih-4227729,101.84459,"Tiara East, The Residence 1 @ Tiara East, Sem..","RM 275,000",Low,807 sq. ft.,Freehold
"Jalan Setia Permai U13 40170 Shah Alam, 40170, Selangor","3 Bedroom(s),2 Bathroom(s),2 Parking Bay(s)",3.132083,https://www.iproperty.com.my/property/seri-pinang-setia-alam-5513934,101.458243,"Seri Pinang, Shah Alam, Setia Alam","RM 288,000",Low,850 sq. ft.,Freehold
"Off Lorong D1/5 Desa Aman Puri, 52100, Kuala Lumpur","3 Bedroom(s),2 Bathroom(s)",3.215459,https://www.iproperty.com.my/property/desa-satu-kepong-5529736,101.615295,"Desa Satu, Desa Aman Puri, Kepong","RM 130,000",Low,655 sq. ft.,Freehold
Selangor,"3 Bedroom(s),2 Bathroom(s),1 Parking Bay(s)",3.044917,https://www.iproperty.com.my/property/bayu-villa-klang-5123664,101.445562,"Bayu Villa, Klang","RM 230,000",Low,810 sq. ft.,Freehold
"Jalan Setia Permai U13 40170 Shah Alam, 40170, Selangor","3 Bedroom(s),2 Bathroom(s),2 Parking Bay(s)",3.127685,https://www.iproperty.com.my/property/seri-pinang-setia-alam-5548571,101.473513,"Seri Pinang, Shah Alam, Setia Alam","RM 300,000",Low,850 sq. ft.,Freehold
"Jalan Kelisa 2, 43500, Selangor","3 Bedroom(s),2 Bathroom(s),2 Parking Bay(s)",2.951058,https://www.iproperty.com.my/property/kajang-parc-kajang-5164531,101.792093,"Kajang Parc, Kajang","RM 300,000",Low,"1,023 sq. ft.",Freehold
"Jalan Sri Mujur 6, Taman Sri Mujur, 43200, Selangor","1 Bedroom(s),1 Bathroom(s)",3.075206,https://www.iproperty.com.my/property/you-residences-cheras-4598689,101.763858,"You Residences, Batu 9 Cheras, Cheras","RM 300,000",Low,533 sq. ft.,Freehold
"Off Lorong D1/5 Desa Aman Puri, 52100, Kuala Lumpur","3 Bedroom(s),2 Bathroom(s),1 Parking Bay(s)",3.215459,https://www.iproperty.com.my/property/desa-satu-kepong-5433692,101.615295,"Desa Satu, Desa Aman Puri, Kepong","RM 163,000",Low,650 sq. ft.,Freehold
Selangor,"3 Bedroom(s),2 Bathroom(s),1 Parking Bay(s)",2.921318,https://www.iproperty.com.my/property/the-arc-cyberjaya-5572394,101.655935,"The Arc, Cyberjaya","RM 299,999",Low,913 sq. ft.,Freehold
"Jalan Aman, Desa Aman Puri, 52100, Kuala Lumpur","3 Bedroom(s),2 Bathroom(s),1 Parking Bay(s)",3.210202,https://www.iproperty.com.my/property/aman-dua-kepong-4060249,101.612943,"Aman Dua, Kepong","RM 280,000",Low,837 sq. ft.,Freehold
"Jalan Langkawi, 53000, Kuala Lumpur","3 Bedroom(s),1 Bathroom(s),1 Parking Bay(s)",3.199766,https://www.iproperty.com.my/property/teratai-mewah-apartment-block-15-17-19-21-setapak-5568503,101.709226,"Teratai Mewah Apartment Block 15,17,19,21, Se..","RM 235,000",Low,720 sq. ft.,Freehold
"No. 1, Jalan Prima 3, Metro Prima, 52100 Kepong, W, 52200, K...","3 Bedroom(s),2 Bathroom(s)",3.210221,https://www.iproperty.com.my/property/pelangi-magna-kepong-5485153,101.641045,"Pelangi Magna, Kepong","RM 200,000",Low,743 sq. ft.,Freehold
"Persiaran Meranti, 52200, Selangor","3 Bedroom(s),2 Bathroom(s),1 Parking Bay(s)",3.186782,https://www.iproperty.com.my/property/sd-apartments-petaling-jaya-4643749,101.603208,"Sd Apartments, Bandar Sri Damansara, Pju, Dam..","RM 279,000",Low,811 sq. ft.,Freehold
"Jalan Langkawi, 53000, Kuala Lumpur","3 Bedroom(s),1 Bathroom(s)",3.198287,https://www.iproperty.com.my/property/teratai-mewah-apartment-setapak-5435652,101.708496,"Teratai Mewah Apartment, Setapak","RM 225,000",Low,653 sq. ft.,Freehold
"Jalan Setia Permai U13 40170 Shah Alam, 40170, Selangor","3 Bedroom(s),2 Bathroom(s),2 Parking Bay(s)",3.131673,https://www.iproperty.com.my/property/seri-pinang-setia-alam-5535574,101.466674,"Seri Pinang, Shah Alam, Setia Alam","RM 288,000",Low,850 sq. ft.,Freehold
"Persiaran Seri Timah, Taman Seri Timah, 43300, Selangor","3 Bedroom(s),2 Bathroom(s)",3.023687,https://www.iproperty.com.my/property/juta-mines-balakong-5555920,101.729729,"Juta Mines, Balakong","RM 300,000",Low,947 sq. ft.,Freehold
"No. 3, Persiaran Meranti, PJU 9,, 41050, Kuala Lumpur","3 Bedroom(s),1 Bathroom(s),1 Parking Bay(s)",3.188519,https://www.iproperty.com.my/property/sd-apartments-ii-bandar-sri-damansara-5516091,101.602509,"Sd Apartments Ii, Bandar Sri Damansara","RM 268,000",Low,750 sq. ft.,Freehold
"Off Persiaran Kewajipan, Usj 8, Selangor","3 Bedroom(s),2 Bathroom(s),1 Parking Bay(s)",3.038168,https://www.iproperty.com.my/property/goodyear-court-5-usj-4978580,101.592372,"Goodyear Court 5, Usj","RM 288,000",Low,750 sq. ft.,Freehold
"Precinct 12 Off Persiaran Setia Utama, Selangor","3 Bedroom(s),2 Bathroom(s),2 Parking Bay(s)",,https://www.iproperty.com.my/property/suria-ixora-setia-alam-5362911,,"Suria Ixora, Setia Alam/Alam Nusantara, Setia..","RM 280,000",Low,700 sq. ft.,Freehold
"Perisaran setia wawasan, 40170, Selangor","Studio Bedroom(s),1 Bathroom(s),1 Parking Bay(s)",3.111289,https://www.iproperty.com.my/property/trefoil-setia-alam-4372130,101.46053,"Trefoil, Setia Alam","RM 285,000",Low,486 sq. ft.,Freehold
Selangor,"3 Bedroom(s),2 Bathroom(s),1 Parking Bay(s)",2.993518,https://www.iproperty.com.my/property/selesa-apartment-kajang-5311492,101.787406,"Selesa Apartment, Taman Damai Mewah Kajang, K..","RM 295,000",Low,957 sq. ft.,Freehold
"Off Lorong D1/5 Desa Aman Puri, 52100, Kuala Lumpur","3 Bedroom(s),2 Bathroom(s)",3.215459,https://www.iproperty.com.my/property/desa-satu-kepong-3409992,101.615295,"Desa Satu, Desa Aman Puri, Kepong","RM 168,000",Low,655 sq. ft.,Freehold
"Jalan Putra Indah 9/1C, Seksyen 9, Putra Heights, Selangor","3 Bedroom(s),1 Bathroom(s),1 Parking Bay(s)",2.968689,https://www.iproperty.com.my/property/seri-mutiara-putra-heights-5537878,101.766185,"Seri Mutiara, Putra Heights","RM 165,000",Low,650 sq. ft.,Freehold
"PULAU INDAH, Selangor","3 Bedroom(s),2 Bathroom(s),2 Parking Bay(s)",2.953798,https://www.iproperty.com.my/property/semi-detached-house-klang-5521134,101.333899,"Pulau Indah, Klang","RM 250,000",Low,"1,500 sq. ft.",Freehold
"Jalan Merbuk, 47100, Selangor","3 Bedroom(s),2 Bathroom(s),1 Parking Bay(s)",3.058226,https://www.iproperty.com.my/property/sri-cempaka-puchong-5518282,101.629731,"Sri Cempaka, Bandar Puchong Jaya, Puchong","RM 290,000",Low,810 sq. ft.,Freehold
"Persiaran Apec, 63000 Cyberjaya, Selangor, 63000, Selangor","Studio Bedroom(s),1 Bathroom(s),1 Parking Bay(s)",,https://www.iproperty.com.my/property/cybersquare-cyberjaya-5562116,,"Cybersquare, Cyberjaya","RM 290,000",Low,450 sq. ft.,Freehold
"Jalan Setia Gemilang U13/45B, 40170, Selangor","3 Bedroom(s),2 Bathroom(s),2 Parking Bay(s)",3.102121,https://www.iproperty.com.my/property/seri-jati-setia-alam-5569526,101.449127,"Seri Jati, Setia Alam","RM 280,000",Low,813 sq. ft.,Freehold
"Off Persiaran Jubli Perak in Seksyen 22, Selangor","Studio Bedroom(s),1 Bathroom(s),1 Parking Bay(s)",3.068376,https://www.iproperty.com.my/property/alam-sanjung-shah-alam-5556621,101.554049,"Alam Sanjung, Subang West, Shah Alam","RM 185,000",Low,450 sq. ft.,Freehold
"No. 2, Jalan Arca U8/80, Taman Bukit Jelutong, Sec, 40150, S...","3 Bedroom(s),2 Bathroom(s)",3.109331,https://www.iproperty.com.my/property/pangsapuri-seroja-shah-alam-5173913,101.536705,"Pangsapuri Seroja, Shah Alam","RM 285,000",Low,850 sq. ft.,Freehold
"Jalan Seksyen 3/1A, Taman Kajang Utama, Section 3,, 43000, S...","3 Bedroom(s),2 Bathroom(s),1 Parking Bay(s)",2.974048,https://www.iproperty.com.my/property/pesona-apartment-kajang-5264094,101.800707,"Pesona Apartment, Kajang , Bangi , Semenyih, ..","RM 220,000",Low,972 sq. ft.,Freehold
"Jalan Reko, 43000, Selangor","3 Bedroom(s),2 Bathroom(s),2 Parking Bay(s)",2.961736,https://www.iproperty.com.my/property/residensi-zamrud-kajang-5568259,101.79415,"Residensi Zamrud, Kajang","RM 297,000",Low,"1,023 sq. ft.",Freehold
Selangor,"1+2 Bedroom(s),1 Bathroom(s),1 Parking Bay(s)",3.081337,https://www.iproperty.com.my/property/mentari-court-1-bandar-sunway-5539391,101.610711,"Mentari Court 1, Bandar Sunway","RM 260,000",Low,"2,500 sq. ft.",Freehold
"Persiaran Puchong Jaya Selatan, Bandar Bandar Jaya, 47100, S...","3 Bedroom(s),2 Bathroom(s)",3.041269,https://www.iproperty.com.my/property/sutramas-puchong-5451517,101.623848,"Sutramas, Puchong","RM 300,000",Low,815 sq. ft.,Freehold
"Taman Universiti Indah,Seri Kembangan, Selangor, 43300, Sela...","3 Bedroom(s),2 Bathroom(s)",3.007794,https://www.iproperty.com.my/property/red-ruby-seri-kembangan-5259668,101.691174,"Red Ruby, Taman Universiti Indah, Seri Kemban..","RM 238,000",Low,842 sq. ft.,Freehold
"Bandar Puchong Jaya, 47100, 47100, Selangor","3 Bedroom(s),2 Bathroom(s),1 Parking Bay(s)",3.05104,https://www.iproperty.com.my/property/sri-teratai-apartment-puchong-5326723,101.633484,"Sri Teratai Apartment, Puchong","RM 275,000",Low,800 sq. ft.,Freehold
"Bandar Puchong Jaya, 47100, 47100, Selangor","3 Bedroom(s),2 Bathroom(s),1 Parking Bay(s)",3.05104,https://www.iproperty.com.my/property/sri-teratai-apartment-puchong-5426030,101.633484,"Sri Teratai Apartment, Puchong","RM 275,000",Low,800 sq. ft.,Freehold
"Jalan Kelisa 2, 43500, Selangor","3 Bedroom(s),2 Bathroom(s),2 Parking Bay(s)",2.951058,https://www.iproperty.com.my/property/kajang-parc-kajang-5264063,101.792093,"Kajang Parc, Kajang","RM 298,000",Low,"1,023 sq. ft.",Freehold
"Bandar Kajang,, 43000, Selangor","3 Bedroom(s),2 Bathroom(s),2 Parking Bay(s)",2.991997,https://www.iproperty.com.my/property/villa-court-goodview-heights-kajang-kajang-5561535,101.790839,"Villa Court Goodview Heights Kajang, Kajang","RM 277,000",Low,980 sq. ft.,Freehold
"Gombak, Batu Caves, Selangor, 68100, Selangor","3 Bedroom(s),2 Bathroom(s),1 Parking Bay(s)",3.253582,https://www.iproperty.com.my/property/amara-boulevard-and-service-residences-batu-caves-5373348,101.669762,"Amara Boulevard And Service Residences, Batu ..","RM 300,000",Low,829 sq. ft.,Freehold
"Taman Universiti Indah,Seri Kembangan, Selangor, 43300, Sela...","3 Bedroom(s),2 Bathroom(s),1 Parking Bay(s)",3.007794,https://www.iproperty.com.my/property/red-ruby-seri-kembangan-5119909,101.691174,"Red Ruby, Taman Universiti Indah, Seri Kemban..","RM 270,000",Low,850 sq. ft.,Freehold
"Jalan Pelangi, Kampung Bukit Kuda, 41300 Klang, Se, 41150, S...","3 Bedroom(s),2 Bathroom(s),1 Parking Bay(s)",3.050911,https://www.iproperty.com.my/property/regensi-klang-5302837,101.463118,"Regensi, Klang","RM 270,000",Low,979 sq. ft.,Freehold
"Jalan Bukit Mutiara 4, Taman Bukit Mutiara, 43000, Selangor","3 Bedroom(s),2 Bathroom(s),1 Parking Bay(s)",3.01258,https://www.iproperty.com.my/property/pangsapuri-saujana-permai-kajang-5561269,101.811356,"Pangsapuri Saujana Permai, Mutiara Height, Ka..","RM 300,000",Low,"10,069 sq. ft.",Freehold
"Jalan Permaisuri 1/6, Taman Bukit Permai, 43000, Selangor","3 Bedroom(s),2 Bathroom(s),1 Parking Bay(s)",3.051661,https://www.iproperty.com.my/property/sri-hijau-cheras-5264147,101.797493,"Sri Hijau, Bandar Mahkota Cheras, Cheras","RM 260,000",Low,913 sq. ft.,Freehold
"Jalan Sri Tanjung 17 Off Jalan Sungai Lalang,Taman Sri Tanju...","3 Bedroom(s),2 Bathroom(s),2 Parking Bay(s)",2.949975,https://www.iproperty.com.my/property/taman-sri-tanjung-(semenyih)-flat-semenyih-5563542,101.840841,"Taman Sri Tanjung (Semenyih) Flat, Semenyih","RM 281,000",Low,"1,033 sq. ft.",Freehold
"Gombak, Batu Caves, Selangor, 68100, Selangor","3 Bedroom(s),2 Bathroom(s),2 Parking Bay(s)",3.253582,https://www.iproperty.com.my/property/amara-boulevard-and-service-residences-batu-caves-3965557,101.669762,"Amara Boulevard And Service Residences, Batu ..","RM 300,000",Low,829 sq. ft.,Freehold
"No. 3 Jalan Anggerik Tania 31/112, Kota Kemuning,, 40150, Se...","3 Bedroom(s),2 Bathroom(s)",2.991106,https://www.iproperty.com.my/property/pangsapuri-randa-shah-alam-5550845,101.530487,"Pangsapuri Randa, Shah Alam","RM 288,000",Low,718 sq. ft.,Freehold
"Jalan Cheras Perdana, Taman Cheras Perdana,, 43200, Selangor","3 Bedroom(s),2 Bathroom(s),1 Parking Bay(s)",3.046967,https://www.iproperty.com.my/property/cheras-perdana-apartment-block-a-b-c-cheras-5444397,101.768014,"Cheras Perdana Apartment Block A, B, C, Batu ..","RM 250,000",Low,856 sq. ft.,Freehold
"Jalan Setia Permai U13 40170 Shah Alam, 40170, Selangor","3 Bedroom(s),2 Bathroom(s),2 Parking Bay(s)",3.127685,https://www.iproperty.com.my/property/seri-pinang-shah-alam-5212036,101.473513,"Seri Pinang, Setia Alam, Shah Alam","RM 288,000",Low,850 sq. ft.,Freehold
"Taman Puchong Intan, 47100, Selangor","3 Bedroom(s),2 Bathroom(s)",3.016978,https://www.iproperty.com.my/property/puchong-intan-puchong-5526012,101.606139,"Puchong Intan, Puchong","RM 230,000",Low,"1,048 sq. ft.",Freehold
"No. 11 Jalan Metafasa U16/3, Section U16, 40160 Sh, 40150, S...","3 Bedroom(s),2 Bathroom(s),1 Parking Bay(s)",3.174582,https://www.iproperty.com.my/property/pangsapuri-cendana-shah-alam-5231294,101.512192,"Pangsapuri Cendana, Taman Bukit Subang, Shah ..","RM 218,000",Low,850 sq. ft.,Freehold
"Jalan Setia Permai U13 40170 Shah Alam, 40170, Selangor","3 Bedroom(s),2 Bathroom(s),2 Parking Bay(s)",3.131582,https://www.iproperty.com.my/property/seri-pinang-shah-alam-4959864,101.466948,"Seri Pinang, Setia Alam, Shah Alam","RM 300,000",Low,850 sq. ft.,Freehold
"Persiaran Kewajipan, USJ 19, 47630, Selangor","1 Bedroom(s),1 Bathroom(s)",3.043901,https://www.iproperty.com.my/property/rhythm-avenue-usj-19-usj-1697296,101.58065,"Rhythm Avenue Usj 19, Subang Jaya, Usj","RM 235,000",Low,443 sq. ft.,Freehold
"No. 3 Jalan Anggerik Aranda 31/42, Section 31, 404, 40150, S...","3 Bedroom(s),2 Bathroom(s),1 Parking Bay(s)",2.990024,https://www.iproperty.com.my/property/pangsapuri-sri-kemuning-shah-alam-5411382,101.549278,"Pangsapuri Sri Kemuning, Shah Alam","RM 206,000",Low,750 sq. ft.,Freehold
"Gombak, Batu Caves, Selangor, 68100, Selangor","3 Bedroom(s),2 Bathroom(s),2 Parking Bay(s)",3.253582,https://www.iproperty.com.my/property/amara-boulevard-and-service-residences-batu-caves-5438736,101.669762,"Amara Boulevard And Service Residences, Batu ..","RM 298,000",Low,830 sq. ft.,Freehold
"Prima Saujana Permai, 43000, Selangor","3 Bedroom(s),2 Bathroom(s),1 Parking Bay(s)",3.01258,https://www.iproperty.com.my/property/pangsapuri-saujana-permai-kajang-5173270,101.811356,"Pangsapuri Saujana Permai, Mutiara Height, Ka..","RM 230,000",Low,768 sq. ft.,Freehold
"Persiaran Setia Perdana, 40170, Selangor","Studio Bedroom(s),1 Bathroom(s),1 Parking Bay(s)",3.115755,https://www.iproperty.com.my/property/education-city-sentral-shah-alam-5558476,101.455582,"Education City Sentral, Setia Alam, Shah Alam","RM 278,000",Low,836 sq. ft.,Freehold
"Jalan Kanchung Darat 28/7, Section 28, Taman Alam, 40150, Se...","3 Bedroom(s),2 Bathroom(s)",3.141202,https://www.iproperty.com.my/property/pangsapuri-sri-angkasa-shah-alam-5054245,101.707306,"Pangsapuri Sri Angkasa, Shah Alam","RM 210,000",Low,944 sq. ft.,Freehold
"Jalan Aman, Desa Aman Puri, 52100, Kuala Lumpur","3 Bedroom(s),2 Bathroom(s),1 Parking Bay(s)",3.210869,https://www.iproperty.com.my/property/aman-dua-kepong-5409725,101.616706,"Aman Dua, Kepong","RM 280,000",Low,837 sq. ft.,Freehold
"Bandar Puchong Jaya, 47100, 47100, Selangor","3 Bedroom(s),2 Bathroom(s)",3.051681,https://www.iproperty.com.my/property/sri-teratai-apartment-puchong-5551108,101.623906,"Sri Teratai Apartment, Puchong","RM 290,000",Low,800 sq. ft.,Freehold
"Gombak, Batu Caves, Selangor, 68100, Selangor","3 Bedroom(s),2 Bathroom(s),2 Parking Bay(s)",3.236516,https://www.iproperty.com.my/property/amara-boulevard-and-service-residences-batu-caves-5569781,101.681651,"Amara Boulevard And Service Residences, Batu ..","RM 295,000",Low,829 sq. ft.,Freehold
"Jalan Penggawa, 43200, Selangor","3 Bedroom(s),2 Bathroom(s),1 Parking Bay(s)",3.057145,https://www.iproperty.com.my/property/pangsapuri-angsana-bandar-mahkota-cheras-cheras-5216981,101.779332,"Pangsapuri Angsana Bandar Mahkota Cheras, Ban..","RM 228,000",Low,745 sq. ft.,Freehold
"Jalan Setia Permai U13 40170 Shah Alam, 40170, Selangor","3 Bedroom(s),2 Bathroom(s)",3.105324,https://www.iproperty.com.my/property/seri-pinang-setia-alam-5572968,101.462881,"Seri Pinang, Shah Alam, Setia Alam","RM 288,000",Low,850 sq. ft.,Freehold
"Prima Saujana Permai, 43000, Selangor","3 Bedroom(s),2 Bathroom(s)",3.01258,https://www.iproperty.com.my/property/pangsapuri-saujana-permai-kajang-4486031,101.811356,"Pangsapuri Saujana Permai, Mutiara Height, Ka..","RM 300,000",Low,"1,001 sq. ft.",Freehold
"Jalan Batu Unjur 8, Taman Bayu Perdana, 41200, Selangor","3 Bedroom(s),2 Bathroom(s),1 Parking Bay(s)",3.017258,https://www.iproperty.com.my/property/vista-indah-klang-5420002,101.428507,"Vista Indah, Taman Bayu Perdana, Klang","RM 240,000",Low,950 sq. ft.,Freehold
Selangor,"4 Bedroom(s),3 Bathroom(s),2 Parking Bay(s)",2.947441,https://www.iproperty.com.my/property/1-sty-terrace-link-house-semenyih-5515993,101.845144,"Bandar Tasik Kesuma, Semenyih","RM 288,000",Low,"1,540 sq. ft.",Freehold
"Jalan Tk 2/13 Taman Kinrara Section 2 , Selangor","2 Bedroom(s),2 Bathroom(s),1 Parking Bay(s)",3.04629,https://www.iproperty.com.my/property/taman-kinrara-section-2-apartment-bandar-kinrara-5424025,101.601276,"Taman Kinrara Section 2 Apartment, Bandar Kin..","RM 199,000",Low,754 sq. ft.,Freehold
"Off Persiaran Jubli Perak in Seksyen 22, Selangor","1 Bedroom(s),1 Bathroom(s),1 Parking Bay(s)",,https://www.iproperty.com.my/property/alam-sanjung-shah-alam-5568643,,"Alam Sanjung, Subang West, Shah Alam","RM 184,000",Low,450 sq. ft.,Freehold
"Jalan Semenyih Off Jalan Bandar Rinching, Selangor","2 Bedroom(s),1 Bathroom(s),1 Parking Bay(s)",2.931817,https://www.iproperty.com.my/property/semenyih-service-residences-semenyih-4655195,101.854687,"Semenyih Service Residences, Semenyih, Kajang..","RM 220,000",Low,450 sq. ft.,Freehold
"Prima Saujana Permai, 43000, Selangor","3 Bedroom(s),2 Bathroom(s),2 Parking Bay(s)",3.01258,https://www.iproperty.com.my/property/pangsapuri-saujana-permai-kajang-5212480,101.811356,"Pangsapuri Saujana Permai, Mutiara Height ,Ka..","RM 300,000",Low,"1,001 sq. ft.",Freehold
"No. 3 Jalan Anggerik Aranda 31/42, Section 31, 404, 40150, S...","3 Bedroom(s),2 Bathroom(s),1 Parking Bay(s)",2.990024,https://www.iproperty.com.my/property/pangsapuri-sri-kemuning-shah-alam-5567762,101.549278,"Pangsapuri Sri Kemuning, Shah Alam","RM 198,000",Low,750 sq. ft.,Freehold
"Jalan Wawasan 2/3, Pusat Bandar Puchong,, 47100, Selangor","3+1 Bedroom(s),2 Bathroom(s),1 Parking Bay(s)",3.030188,https://www.iproperty.com.my/property/akasia-apartments-puchong-5562429,101.619821,"Akasia Apartments, Puchong","RM 295,000",Low,830 sq. ft.,Freehold
"Jalan Setia Permai U13 40170 Shah Alam, 40170, Selangor","3 Bedroom(s),2 Bathroom(s),2 Parking Bay(s)",3.127685,https://www.iproperty.com.my/property/seri-pinang-setia-alam-5548579,101.473513,"Seri Pinang, Shah Alam, Setia Alam","RM 288,000",Low,850 sq. ft.,Freehold
"Jalan Setia Permai U13 40170 Shah Alam, 40170, Selangor","3 Bedroom(s),2 Bathroom(s),2 Parking Bay(s)",3.131539,https://www.iproperty.com.my/property/seri-pinang-setia-alam-5525922,101.467028,"Seri Pinang, Shah Alam, Setia Alam","RM 288,000",Low,850 sq. ft.,Freehold
"Desa Aman Puri, Kepong, 52100, Kuala Lumpur, 52100, Kuala Lu...","3 Bedroom(s),2 Bathroom(s),1 Parking Bay(s)",3.210466,https://www.iproperty.com.my/property/desa-dua-apartment-kepong-5409274,101.615277,"Desa Dua Apartment, Kepong","RM 268,000",Low,837 sq. ft.,Freehold
Kuala Lumpur,"3 Bedroom(s),2 Bathroom(s),1 Parking Bay(s)",3.106845,https://www.iproperty.com.my/property/pangsapuri-kasturi-tiara-cheras-5447996,101.72592,"Pangsapuri Kasturi Tiara, Cheras","RM 245,000",Low,852 sq. ft.,Freehold
"Bandar Puchong Jaya, 47100, 47100, Selangor","3 Bedroom(s),2 Bathroom(s)",3.05104,https://www.iproperty.com.my/property/sri-teratai-apartment-puchong-5451527,101.633484,"Sri Teratai Apartment, Puchong","RM 296,000",Low,800 sq. ft.,Freehold
